equity,symbol
9842.415561363036,MSFT
10072.521467003706,MSFT
10394.978315188611,AAPL
10371.887333360522,MSFT
10576.563445844298,MSFT
10422.22140566764,AAPL
10461.301088403132,AAPL
10214.671790135422,MSFT
10219.406889022977,MSFT
10153.862678851327,MSFT
10234.354068687742,MSFT
10036.720662288628,AAPL
10056.784387733662,MSFT
9893.14719937951,MSFT
9570.508097387426,MSFT
9148.299193343864,MSFT
8988.189127426373,MSFT
9091.506611927218,MSFT
8441.83383645513,MSFT
8637.794790014605,MSFT
9433.340761895965,AAPL
9124.31225818419,AAPL
9450.185390049011,MSFT
9203.583949594926,MSFT
8934.218660113049,MSFT
8218.659521214258,AAPL
8772.46465556059,MSFT
8459.01849740258,AAPL
7615.191077016655,AAPL
8690.219300214963,MSFT
7563.557320944317,AAPL
7888.565396389028,AAPL
7687.565342149455,AAPL
7620.973294498661,AAPL
7129.5307940309585,AAPL
6970.940844900932,AAPL
7597.599181260132,MSFT
7548.148831232679,AAPL
8012.745590797743,MSFT
7675.7215990035875,MSFT
7887.094306173814,AAPL
7863.111745681549,AAPL
7441.5153911875,AAPL
7558.247829050216,AAPL
7442.067154935067,AAPL
7988.075511629294,MSFT
7887.56646916534,AAPL
8081.556665319774,AAPL
8073.963767820348,MSFT
8083.980322785961,MSFT
8475.918111038995,MSFT
8378.631517953789,MSFT
8621.789647265583,MSFT
8496.180853589314,AAPL
8311.335766809712,AAPL
8046.115711953242,AAPL
8269.823921706626,AAPL
8229.508017025979,AAPL
8458.857854483422,AAPL
8456.377617823044,AAPL
8310.84993830526,AAPL
8575.512751850205,AAPL
8747.844665409204,AAPL
8512.604002231137,MSFT
8712.307117817763,MSFT
8834.356573282099,AAPL
8916.66837774454,AAPL
8999.994051701096,AAPL
9205.208992333608,AAPL
9340.850949441363,AAPL
9224.7627883494,AAPL
9104.156975773401,AAPL
9150.979771618942,AAPL
9087.72828420812,AAPL
9292.758495090273,AAPL
9229.76670212737,AAPL
9400.04204286083,AAPL
9320.558988002203,AAPL
9371.24668073396,AAPL
9298.400634401043,AAPL
9329.613311373281,AAPL
9324.392407543673,AAPL
9305.985902126922,AAPL
9411.123570477816,AAPL
9445.283038392876,AAPL
9487.830926536753,AAPL
9396.633184265185,AAPL
9654.860333790648,AAPL
9702.29163461954,AAPL
9998.967498240905,AAPL
10246.216288255704,AAPL
9744.044865696464,AAPL
9818.425404217734,AAPL
9930.03535009459,AAPL
10183.271323860816,AAPL
10208.335041273549,MSFT
10202.190644420976,AAPL
10133.688307802859,AAPL
10388.68804840092,AAPL
10600.042216342445,AAPL
10402.331991801537,AAPL
10530.026216380173,AAPL
10308.730378424103,MSFT
10409.209648523265,MSFT
10664.744469391091,MSFT
10716.442179860796,MSFT
10705.725737680936,AAPL
10981.399820338249,AAPL
10842.730127013621,MSFT
11070.349550028153,MSFT
11136.780922395752,MSFT
11145.126174995972,AAPL
10789.722010139149,MSFT
10845.630247715313,MSFT
10909.37383231216,AAPL
10764.226058957818,AAPL
10698.561922830202,MSFT
10913.324218345157,AAPL
10751.791248458763,AAPL
10771.243733411351,AAPL
10270.202975401973,AAPL
10234.48918056558,AAPL
10466.816839437008,AAPL
10284.404384018464,AAPL
10471.256503996052,AAPL
10587.486721026935,AAPL
11685.289267949574,AAPL
11968.046152641095,AAPL
12036.001725896185,AAPL
12067.592769461393,AAPL
12476.55338472971,AAPL
12180.41291064833,AAPL
11925.747487314504,MSFT
11634.934613354375,MSFT
11955.674056918668,MSFT
11915.716328899647,MSFT
11915.219795207711,MSFT
11872.195376121228,AAPL
11959.253445499622,AAPL
11962.29739421027,AAPL
12215.77735850856,AAPL
12833.06877118451,AAPL
12860.601220082519,MSFT
12742.233570462651,AAPL
13004.97410501922,MSFT
12836.503373302106,AAPL
12802.872553031691,AAPL
13224.243972993978,AAPL
13313.048643252865,MSFT
13556.308269694011,MSFT
12702.981387556918,MSFT
12511.982186842413,MSFT
11822.621499685196,MSFT
12282.360204606322,AAPL
11925.945799909983,MSFT
11836.20539108851,MSFT
11904.425059443904,MSFT
12087.828045479779,MSFT
11859.782130828424,MSFT
11724.150017884122,MSFT
11340.535060829896,AAPL
11673.105944703355,AAPL
11844.884206477962,AAPL
11336.193955257537,AAPL
11471.795273308691,MSFT
11721.724821588903,MSFT
11989.786470357072,AAPL
11852.998493607949,MSFT
12016.717665903,MSFT
12126.391728222,MSFT
11756.40042842381,MSFT
11983.546003609312,MSFT
11716.945111813739,MSFT
11928.285965664792,MSFT
11958.993997449263,MSFT
12244.05185993662,MSFT
12548.958416444804,MSFT
12619.163670743445,MSFT
12493.297417192469,MSFT
12412.921723741509,MSFT
12400.508802017766,MSFT
12071.375137604364,AAPL
12083.53470366477,MSFT
12079.896159451762,MSFT
12072.876042178434,MSFT
11986.749679475879,AAPL
11633.836709537194,MSFT
11797.75064081031,MSFT
11201.18488972949,MSFT
11302.725755671594,MSFT
11167.198573264084,MSFT
11148.307788444976,MSFT
11363.067272984563,MSFT
11815.731850836653,AAPL
12223.300755194674,AAPL
12234.614969191827,MSFT
11930.899945690751,MSFT
11883.065915364721,AAPL
12231.866554502067,AAPL
12190.973334139118,AAPL
12239.329259925189,MSFT
12267.790209598732,MSFT
12162.725292768862,AAPL
11990.21069316821,MSFT
12040.188559754462,AAPL
11896.217017908459,AAPL
11530.495429900848,AAPL
11652.652737603135,AAPL
11728.013504699513,AAPL
11772.89066322785,AAPL
12009.518284989572,AAPL
12117.56322394515,MSFT
12058.367480982457,MSFT
12032.593008493206,AAPL
11953.026577725012,AAPL
12087.736068435868,AAPL
12137.18883084857,AAPL
11871.338281756116,AAPL
12001.790560181016,AAPL
12145.996526593332,MSFT
12071.338843037978,AAPL
12055.322539631368,MSFT
12036.667879725926,AAPL
12108.449430308205,AAPL
11904.412464041754,AAPL
12110.346653636467,MSFT
12171.682559384702,MSFT
12074.59783032094,AAPL
12157.034408230153,MSFT
12265.495646076448,MSFT
12209.065103739253,MSFT
12062.317199406414,MSFT
12090.521988129898,MSFT
11821.31285485076,MSFT
11820.896364247936,MSFT
11502.568347062415,MSFT
11883.569127292056,AAPL
11944.089699884382,MSFT
11816.306541787177,MSFT
11665.403754214025,MSFT
11730.26488306263,MSFT
11541.08768190157,AAPL
11371.081191007328,AAPL
11562.372045452157,MSFT
11972.832480833244,MSFT
11994.483764720871,MSFT
12034.738289727324,MSFT
12213.386953669518,MSFT
12350.161609750177,MSFT
12368.109637920958,MSFT
12675.964479015569,MSFT
12293.509806252718,MSFT
12484.303087487551,AAPL
12550.927983189398,AAPL
12440.752921126468,AAPL
12377.626442990268,MSFT
12374.967171258806,MSFT
12376.387757368786,MSFT
12430.367453604082,MSFT
12369.495456848294,MSFT
12442.197480621515,MSFT
12455.199517620771,MSFT
12377.159485128263,MSFT
12418.742155684786,MSFT
12299.067281283551,AAPL
12301.938421972962,AAPL
11959.839708277443,MSFT
11884.640964295937,MSFT
11937.971860981907,MSFT
11510.799994528092,AAPL
11524.977013199508,AAPL
11739.607587013052,MSFT
11575.759243641147,MSFT
11251.860570474635,MSFT
11199.56899543826,MSFT
11428.928743181732,MSFT
10941.215325120209,AAPL
11375.030848122522,AAPL
11259.384752626547,AAPL
11433.935180547154,AAPL
11335.312474470433,AAPL
11278.778238739596,MSFT
11406.799475487634,MSFT
11363.240088938526,MSFT
11048.911093250954,MSFT
11020.141659560299,MSFT
11278.943272111379,MSFT
11189.966451230883,AAPL
10955.049747298732,AAPL
10798.931761083884,MSFT
10980.555162880903,MSFT
10911.996710663152,MSFT
10767.146018242525,AAPL
10938.423010566825,MSFT
11232.758419980073,MSFT
11532.994287780886,MSFT
11549.857417577403,AAPL
11692.965089266832,AAPL
11906.17259631889,AAPL
12016.503820245725,MSFT
12007.306264224222,MSFT
12287.155327039854,AAPL
12137.018353511856,MSFT
12310.555508191412,MSFT
12357.068261411472,MSFT
12249.926184948876,MSFT
12214.95390583123,MSFT
12312.46538522947,MSFT
12139.030127733524,MSFT
12314.75622786294,MSFT
12321.301807257209,MSFT
12328.768980331011,MSFT
11967.712287971632,MSFT
11859.367945824124,MSFT
11832.008066678345,MSFT
11917.37848554098,AAPL
11712.877483056041,MSFT
11724.066184458221,AAPL
11862.441518229747,AAPL
11913.775284860218,AAPL
11594.430181378326,AAPL
11496.917976174367,AAPL
11198.705177131682,AAPL
11388.18511464125,AAPL
11602.791224311553,AAPL
11483.765072431259,AAPL
11373.922317279426,MSFT
11390.687840508577,MSFT
11536.720114103913,MSFT
11463.869097550858,MSFT
11714.722051118742,MSFT
11746.917470555214,MSFT
11724.437380445741,MSFT
11611.080840084438,MSFT
11616.700491621534,MSFT
11574.318274793413,AAPL
11558.065927241953,MSFT
11472.196649861271,MSFT
11697.908952109603,MSFT
11687.140985512795,AAPL
11618.35850219719,MSFT
11653.659046604671,MSFT
11548.505542206185,AAPL
11566.139060829308,MSFT
11838.846030799752,AAPL
11757.310212620414,MSFT
11700.954339084949,MSFT
11849.27802571427,MSFT
11717.843909183799,AAPL
11850.660928696587,MSFT
11968.767219687958,MSFT
11931.783973596466,AAPL
11983.71833574284,MSFT
11944.788159180513,AAPL
12099.606605037967,MSFT
12226.65792459271,AAPL
12270.932330838496,AAPL
12286.433035381673,AAPL
12514.916570868798,AAPL
12686.606470946277,AAPL
12901.706306252938,AAPL
12770.115655868038,AAPL
12781.27846634162,MSFT
12739.989194111253,MSFT
12827.759818084347,AAPL
13124.090416802188,AAPL
13052.011341649219,AAPL
13025.952903214076,MSFT
12839.403412988047,MSFT
13160.05486099575,AAPL
13244.890565437147,MSFT
13454.746941202236,MSFT
13607.2775815408,MSFT
13564.548978639947,MSFT
13433.19557512065,MSFT
13255.93181199148,AAPL
13303.021529008376,AAPL
13215.888675208793,MSFT
13198.499299466665,MSFT
13291.879394989193,MSFT
13250.350199381437,MSFT
13376.301627853321,MSFT
13360.153582298255,MSFT
13342.222125484266,AAPL
13284.1287955472,AAPL
13294.49886929824,MSFT
13557.377565998679,AAPL
13686.034077749677,MSFT
13754.134017978018,MSFT
13655.735100777205,AAPL
13558.519102582251,MSFT
13826.639669831386,MSFT
14166.435482930097,MSFT
14165.765804354973,MSFT
14057.20978133752,MSFT
14014.817326423437,MSFT
13865.296190453611,MSFT
13880.637856933014,MSFT
14045.984437350253,MSFT
13952.824302726362,MSFT
13936.561063617579,MSFT
13891.227284939992,MSFT
13876.872567490465,MSFT
13818.757720229742,MSFT
13665.59547777014,AAPL
13560.301469292463,AAPL
13476.490061062252,MSFT
13515.487724587283,AAPL
13372.732886900263,AAPL
13583.733764838224,MSFT
13548.274623287873,AAPL
13286.143707129097,AAPL
12989.051506669513,AAPL
13020.587656578411,AAPL
13174.51628781146,MSFT
13204.587537474354,MSFT
13182.12623159598,MSFT
12940.83974837588,MSFT
12459.395481843301,MSFT
12468.02851851021,MSFT
12364.247497583667,MSFT
12666.770745105334,MSFT
12391.658732467858,MSFT
12626.568503012351,MSFT
12804.15213722495,MSFT
12907.667761017123,AAPL
12894.760093256105,MSFT
12854.753002065736,MSFT
12782.916927398757,MSFT
12919.838126956423,MSFT
13187.716316773478,MSFT
13238.127403453633,MSFT
13358.922016823595,MSFT
13386.423922810143,MSFT
13337.42249714474,MSFT
13469.436070910753,MSFT
13386.61367072994,MSFT
13328.6312394951,MSFT
13400.950832450599,MSFT
13951.91447952523,MSFT
13988.904957146966,MSFT
14288.4657062462,MSFT
14177.232717721063,MSFT
14324.899062497265,MSFT
14347.985464304598,MSFT
14438.455400376646,MSFT
14407.707992231368,MSFT
14433.168244997207,MSFT
14374.19596758586,MSFT
14084.364263318435,AAPL
14139.677167587704,MSFT
14328.257420953028,AAPL
14314.881624905232,AAPL
14447.093856809457,MSFT
14442.452717304337,MSFT
14840.141185388295,AAPL
14905.308574178905,MSFT
14747.914068487336,MSFT
14768.885208311545,AAPL
14802.611735982904,AAPL
14318.885970562775,AAPL
14617.772963788548,AAPL
15064.748923172741,AAPL
15001.384200401226,AAPL
14894.42565402251,AAPL
14704.904391758584,AAPL
15006.394432271036,AAPL
15523.306202775826,AAPL
15861.458233801834,AAPL
15798.482218334051,AAPL
16225.252016048169,AAPL
15873.586791054933,AAPL
15340.447160220761,MSFT
15762.448988917908,AAPL
15127.795236960019,AAPL
15014.309821200799,AAPL
14877.346959390146,AAPL
15146.434891136843,AAPL
15363.312246427784,AAPL
15403.929683068885,AAPL
15742.429089716978,AAPL
15635.895549187655,AAPL
15628.109849987055,AAPL
15509.677461323603,AAPL
15439.337440472033,AAPL
15809.945033604308,AAPL
15593.478273755933,AAPL
14979.280738638989,MSFT
14714.24612704854,AAPL
14707.032569048308,MSFT
14694.034248557022,AAPL
14925.965004956197,AAPL
14949.399549615666,AAPL
14301.754138142975,MSFT
14360.545060098751,AAPL
14074.851938022139,AAPL
13764.860081989153,AAPL
13608.668556445211,AAPL
13421.3426072001,AAPL
13423.337598984586,MSFT
13257.093969207734,AAPL
13621.571831361392,MSFT
13751.645943438945,MSFT
14697.450922085995,AAPL
15066.73944898745,AAPL
15037.015620551198,AAPL
15250.871530176913,MSFT
14641.562489255932,MSFT
14854.866049611484,MSFT
14777.105677170357,AAPL
15035.21235328869,AAPL
15144.87535053923,AAPL
14772.328423419576,AAPL
14458.88234263889,AAPL
14465.001822871023,AAPL
14785.440207390611,AAPL
14750.114383599695,AAPL
14421.643063950452,AAPL
14272.298125054882,AAPL
14247.616374775995,MSFT
13864.865811240628,AAPL
14559.406209100389,MSFT
14733.614437015232,AAPL
14743.010593877616,AAPL
14556.836904467424,AAPL
14841.98334491583,AAPL
14616.028041350695,MSFT
14302.096293229735,MSFT
13747.505761186272,MSFT
13582.932396686529,MSFT
14192.238796765178,MSFT
14034.893616758354,MSFT
13749.587598564805,MSFT
13370.619846442838,AAPL
13754.050083375783,AAPL
14139.373245513672,AAPL
14165.101004962573,MSFT
14447.251501230932,AAPL
14556.152602036214,AAPL
14780.012241519951,MSFT
14543.088058716763,MSFT
14752.404684625742,MSFT
14717.277297874205,MSFT
15042.774665010647,MSFT
15255.765624421743,MSFT
15139.06324443666,AAPL
14854.817032541714,AAPL
14814.440430849843,AAPL
15150.630417485769,AAPL
14848.49718306039,AAPL
14559.681940166814,AAPL
14636.027039436696,MSFT
14447.09456120281,AAPL
14064.015776943765,AAPL
13892.18268167621,MSFT
14152.135665024161,MSFT
13754.682944812768,MSFT
13722.62173363821,AAPL
13902.593097202369,AAPL
13874.5759983014,AAPL
13793.495176311506,AAPL
13395.954069981874,AAPL
13709.598534897817,MSFT
13183.09886490917,MSFT
13150.58012164241,AAPL
13731.251283033696,AAPL
13214.889472059082,AAPL
13227.662594029593,AAPL
13341.720235862165,AAPL
13716.63702584099,MSFT
13105.494142181406,MSFT
12968.588226875996,MSFT
12476.490226675158,MSFT
12696.019129381611,MSFT
12261.692428894467,MSFT
12004.715779580356,MSFT
12263.975609885165,MSFT
12120.823242703544,AAPL
12416.84749499167,AAPL
11839.092392876424,MSFT
11783.45254012204,MSFT
11792.258015557854,AAPL
12158.193678314574,MSFT
11912.402001898785,AAPL
11914.06818440818,AAPL
12055.54787868302,MSFT
12376.280109829024,MSFT
12301.848997370504,MSFT
12314.439902983888,MSFT
12399.76030135768,MSFT
12181.434913370676,MSFT
12111.96346135836,MSFT
12268.851479162844,MSFT
12162.486303527241,MSFT
11897.547278116099,MSFT
11355.45365406277,MSFT
10862.481891073177,MSFT
10924.098257662119,AAPL
11238.00560010278,MSFT
10923.676683041776,MSFT
11038.735964710677,AAPL
11299.153969494579,MSFT
11260.690049859939,MSFT
11504.331371727212,MSFT
11885.697529039935,MSFT
11873.811831510895,AAPL
11508.222948942297,AAPL
11666.32594670408,MSFT
11444.345951445011,AAPL
11617.893979677547,AAPL
11826.2051659772,AAPL
11927.995676552397,AAPL
12202.333892633098,AAPL
12156.49236668029,MSFT
11964.929785332326,AAPL
12034.733598101842,AAPL
11992.16971288965,AAPL
12225.806338251174,AAPL
12340.612453770487,MSFT
12073.524507263463,AAPL
12384.077885316707,AAPL
12502.437542319003,MSFT
12612.44734495347,MSFT
12386.485064323702,MSFT
12301.312393871254,MSFT
12180.436683141597,AAPL
12585.249022586071,AAPL
12617.616730017164,AAPL
13018.766663753744,AAPL
12925.63692884274,AAPL
12792.665750017886,AAPL
13269.162133064667,AAPL
13311.324810311244,MSFT
13279.524136407425,AAPL
13227.691854875406,AAPL
13218.476021711693,AAPL
13551.511741629123,AAPL
13477.903576912238,AAPL
13753.200590268734,AAPL
13826.553597494374,AAPL
13799.952040078046,AAPL
13749.772928946397,MSFT
13704.515338112345,AAPL
13483.847325878645,AAPL
13159.835826641627,AAPL
13119.974310286838,AAPL
13130.392537716085,AAPL
13313.202218143579,AAPL
12797.991568421367,AAPL
12609.988638944014,AAPL
12404.375460916286,AAPL
12260.048849305444,AAPL
12305.49687751197,AAPL
12125.698862982226,AAPL
12013.959521873649,AAPL
12113.121430560072,AAPL
11984.50565421788,AAPL
12247.890410221658,MSFT
12707.281817596982,AAPL
11948.919420684539,AAPL
12051.148231799138,AAPL
11810.969020412007,AAPL
11768.353083914126,MSFT
12051.77192388332,AAPL
11937.6946675945,MSFT
11683.805364851423,AAPL
11771.383333057007,MSFT
11581.582503257081,AAPL
11596.178993197627,AAPL
11660.728481795086,AAPL
11501.539934718028,AAPL
10925.092822008917,AAPL
10585.98759156964,AAPL
10900.94501380751,AAPL
11169.361621708724,AAPL
11181.124298526265,AAPL
11095.861081599125,AAPL
10520.507955280667,MSFT
10285.869615004372,MSFT
10103.292023987517,MSFT
10108.429017918292,MSFT
10478.477966593262,MSFT
10213.909069761896,MSFT
10604.549040426526,MSFT
10637.250899802028,MSFT
10634.753391439403,AAPL
10589.375220276817,AAPL
10865.324816274706,AAPL
11015.294869107636,AAPL
11217.28728677936,AAPL
10985.907366629322,AAPL
10757.882621679366,MSFT
11179.81109588168,MSFT
10991.362472851175,MSFT
10792.863696193088,MSFT
10379.440211521522,AAPL
10093.186752713253,MSFT
10063.439438099302,AAPL
10092.64712225296,AAPL
10124.688595363512,AAPL
9778.526972174364,AAPL
10638.789876158442,AAPL
10833.14777820317,AAPL
10719.555364036947,AAPL
10727.474068559244,MSFT
10736.308831114935,MSFT
10723.351302431667,MSFT
10692.218852347198,MSFT
10718.317756778155,MSFT
10839.556703033977,MSFT
10941.522858677772,MSFT
10926.604929748117,MSFT
10628.700422475487,AAPL
10555.20419455172,MSFT
11195.098474271357,MSFT
11205.07975106797,AAPL
11208.393096737487,MSFT
10985.341003643784,MSFT
10751.311222439055,MSFT
10707.664028137604,MSFT
10826.870531375853,AAPL
10729.393870120546,MSFT
11028.627701935,MSFT
11210.210196609094,MSFT
11212.091473424076,MSFT
10843.008052520805,MSFT
10674.089189103006,AAPL
10478.454055153106,MSFT
10526.806814506257,MSFT
10630.777557092852,MSFT
10348.756331714414,MSFT
10361.86916665275,MSFT
10274.681351772124,MSFT
10159.041446439825,MSFT
10429.573352829499,MSFT
10367.649065461173,MSFT
10346.904208059907,MSFT
10443.277615430805,AAPL
10123.3192242814,MSFT
10232.50206619632,MSFT
10321.898012414147,MSFT
10390.200764162768,MSFT
10599.169328403586,AAPL
10582.219301482339,AAPL
10678.720841024722,AAPL
10761.549305224047,AAPL
10692.99593977972,AAPL
10687.04834826629,AAPL
10881.773632588984,AAPL
11126.619276569087,AAPL
11090.723361657616,MSFT
11014.10746908239,MSFT
11341.376273409598,MSFT
11485.235377671603,AAPL
11243.145392456086,AAPL
11333.328896714233,AAPL
11411.53537388469,AAPL
11823.067374457269,AAPL
12099.723837194957,AAPL
11870.690237912635,AAPL
12087.266296472728,AAPL
11861.805654109552,AAPL
11767.960706770948,AAPL
11785.0965617688,AAPL
11994.9502515459,AAPL
11932.278346613264,AAPL
12086.247636033888,AAPL
11948.107942294757,AAPL
11845.992824587593,AAPL
11586.721847470704,MSFT
11521.941250592901,MSFT
11659.763981601242,MSFT
11394.104017780079,MSFT
11476.684352448177,AAPL
11425.636920383304,AAPL
11251.443322852767,AAPL
11286.648636428115,AAPL
11671.412933491461,AAPL
11731.978299688812,MSFT
11550.172402796776,AAPL
11635.380476071286,AAPL
11450.20663126459,AAPL
11279.843826238619,AAPL
11510.415135171168,MSFT
11810.327473545804,MSFT
11829.477708207945,AAPL
12038.790976249902,AAPL
11961.090084037276,AAPL
12134.334923605082,AAPL
12267.133137706991,AAPL
12188.102427222819,MSFT
12416.283832436153,MSFT
12533.996349642572,MSFT
12334.279420783787,MSFT
12270.624991037601,MSFT
12493.753102183839,MSFT
12604.81978261253,AAPL
12789.409248669059,AAPL
12729.152824055227,MSFT
12714.206650889937,MSFT
12557.944166648405,AAPL
12614.40334023865,AAPL
12506.18115747611,MSFT
12398.74002732151,AAPL
12332.364780942886,AAPL
12740.609391852518,AAPL
12700.936087806962,AAPL
12806.302462312686,MSFT
12889.603367215737,AAPL
12966.533470972387,AAPL
12877.761118211798,AAPL
12738.928335853274,AAPL
12750.119317535222,AAPL
12617.062640379634,AAPL
13518.358889924395,MSFT
13888.698888995386,AAPL
13979.542781136946,AAPL
13958.151469489005,AAPL
13857.773557057693,AAPL
13798.088885791478,MSFT
13830.071715667273,MSFT
14465.242709728542,AAPL
14357.64860054023,MSFT
14266.535443854706,MSFT
14499.0321417042,MSFT
14382.397269358007,MSFT
14315.141541845926,MSFT
14323.528022017854,MSFT
14414.736659012331,MSFT
14536.564683715236,MSFT
14720.685003694376,AAPL
14697.644833556751,MSFT
14814.069106765975,MSFT
14526.20104034775,MSFT
14535.384097106447,AAPL
15079.849373170702,MSFT
15387.259380386353,MSFT
15535.893611413152,AAPL
15388.08124004727,MSFT
15569.033573189015,MSFT
15685.474214854812,MSFT
15695.047445996373,MSFT
15647.015585656345,AAPL
15148.378563341092,MSFT
15221.29976453158,MSFT
15238.953181453991,AAPL
15459.672119448784,MSFT
15403.838094540472,AAPL
15442.215781570087,AAPL
15599.703576726783,AAPL
15492.693131866445,AAPL
15484.73744794278,AAPL
15381.37306309885,AAPL
15620.172624939722,AAPL
15577.822749564231,AAPL
15444.588375591353,AAPL
15661.723414863907,AAPL
15705.977465883449,MSFT
15718.488298187436,AAPL
16065.905865194716,AAPL
15924.772222223142,AAPL
15815.348201804482,AAPL
15839.208391886064,AAPL
15730.054607552254,AAPL
15543.562826504714,AAPL
15557.998096165113,MSFT
15682.233842495281,AAPL
15730.18358253144,AAPL
15726.838680572817,AAPL
15983.273743063968,AAPL
15945.868488727823,AAPL
16042.68631507264,AAPL
15864.655106698696,AAPL
15707.005188987692,MSFT
15757.57964498655,AAPL
16009.846822611184,MSFT
16066.602749411295,AAPL
15944.798412030683,AAPL
16297.676023513468,MSFT
16163.375258690718,MSFT
16167.418940217854,MSFT
15726.32400758857,MSFT
15670.263903738778,MSFT
14902.106358448009,AAPL
14630.087904827325,AAPL
14693.168007224653,AAPL
14546.905818703075,AAPL
14514.401285975839,AAPL
14413.592052745073,MSFT
14535.22634477508,MSFT
14422.902820715537,MSFT
14373.4567941778,MSFT
14201.173638864186,MSFT
14169.045503036477,MSFT
14396.637706096091,MSFT
14408.18353478971,MSFT
14596.630169417986,MSFT
14268.231237427008,MSFT
14434.359089284593,AAPL
14547.610887689189,AAPL
14850.350980357152,AAPL
14852.685144077406,MSFT
14791.304664236786,MSFT
14817.130242689727,MSFT
15022.767369571558,MSFT
14977.570147745677,MSFT
14828.957906725971,MSFT
15010.107914719956,MSFT
15094.502245453788,AAPL
14821.88634482843,AAPL
14631.354423922921,AAPL
14745.223895597883,AAPL
14361.30370756326,MSFT
14296.493342844398,MSFT
14264.384737386175,MSFT
13908.106520874107,MSFT
13840.432938734304,MSFT
13717.43938887288,MSFT
13726.65541934721,MSFT
13479.497685328633,MSFT
13346.085834942982,AAPL
13353.100225633585,AAPL
13380.426212976752,AAPL
13565.549617325865,AAPL
13446.583337550079,AAPL
13531.414431578074,AAPL
13615.280784739007,AAPL
13802.49617171626,AAPL
13896.66233934962,MSFT
13822.513075162406,MSFT
13978.319719190296,MSFT
13911.35912437853,MSFT
13753.361423439983,MSFT
13945.658568690613,MSFT
13907.394681164658,MSFT
13811.816214798753,MSFT
13848.633885459061,MSFT
13640.422406512429,MSFT
13737.435020482622,MSFT
13774.172618336099,MSFT
13574.562246504935,AAPL
13226.978474861207,AAPL
13291.202763267538,MSFT
13441.463352266004,AAPL
13459.899877240228,MSFT
13763.321633567572,MSFT
13839.04067072424,MSFT
14003.196911732464,MSFT
14137.243220310791,MSFT
14281.71421338981,MSFT
14373.199943867934,MSFT
14259.496839234158,MSFT
14600.251498674854,MSFT
14467.55940584904,MSFT
14659.77323035011,AAPL
14651.068026263056,MSFT
14894.029145429937,MSFT
14877.565480302099,AAPL
15000.726061281317,AAPL
14922.259854160273,AAPL
14959.7799420833,AAPL
14840.037575063745,AAPL
14811.136475070833,AAPL
14843.928352420931,AAPL
14748.785626950501,AAPL
14779.20771109418,AAPL
14864.799754393924,AAPL
14709.243252271475,AAPL
15004.35851537105,AAPL
14904.025356633865,AAPL
15040.2365513466,AAPL
15136.68249099619,AAPL
14925.86581174412,AAPL
15029.156316210974,AAPL
15264.984573103522,AAPL
14905.576256003944,MSFT
15086.191388070085,MSFT
15149.238300923815,MSFT
15158.886174022755,MSFT
14981.316451207398,AAPL
14954.801499868714,AAPL
14856.88361041924,AAPL
14845.201065120795,MSFT
14806.977115365307,MSFT
14840.066348060252,MSFT
14855.281150450897,MSFT
14636.184776740154,MSFT
14610.894879008973,MSFT
14491.412805798045,MSFT
14469.438749424904,MSFT
14728.029461776658,MSFT
14756.540282617008,MSFT
15015.874054322763,MSFT
15073.82735562025,MSFT
15209.244168367955,MSFT
15264.50802130044,MSFT
15217.952506091868,MSFT
15374.65537781618,MSFT
15546.649544137266,MSFT
15446.871010703439,MSFT
15524.53155676881,MSFT
15651.448208115933,MSFT
15725.608989361794,MSFT
15673.370808467233,MSFT
15882.364009523584,MSFT
15822.679430582219,MSFT
15380.493172013359,MSFT
15604.960220061927,MSFT
15876.891066242808,MSFT
15645.961219909235,MSFT
15624.143872822846,MSFT
15938.347832592422,MSFT
15924.720069308134,MSFT
15973.988055809188,AAPL
15757.084724815304,MSFT
15563.672494257382,AAPL
15698.536216921488,MSFT
15570.510508740585,MSFT
15459.194282842021,MSFT
15395.147485367452,MSFT
15356.435297819165,MSFT
15702.673434854789,MSFT
15636.998347091136,MSFT
15514.66137960389,MSFT
15496.863491954537,MSFT
15490.493926523246,MSFT
15699.92040154626,MSFT
15754.819918568295,MSFT
15339.186445060852,AAPL
14870.238865330446,MSFT
14834.684953315493,MSFT
15079.951958214502,MSFT
14957.248985331642,MSFT
14879.697621356698,MSFT
14906.161392762093,AAPL
14710.553628834487,AAPL
15054.481785098707,MSFT
14727.87399193841,MSFT
14744.976416478934,MSFT
14874.741049310769,MSFT
14994.701932480242,MSFT
14367.062919385422,AAPL
14331.615739309627,MSFT
14120.730988996627,MSFT
14066.204293305262,MSFT
14044.79910511194,MSFT
14007.09235137517,MSFT
13874.643238894196,AAPL
13758.481409958702,MSFT
13712.402886298909,MSFT
13631.603256486575,AAPL
13867.196138998268,MSFT
13823.020407578955,MSFT
13909.309454073038,AAPL
13796.861906045122,MSFT
13935.289102916906,MSFT
13724.989686147173,MSFT
13442.556047811273,MSFT
13171.455969901039,AAPL
13071.231993165327,MSFT
12983.467391379996,AAPL
12811.922241260118,AAPL
12864.334888456155,AAPL
12933.694295393167,AAPL
13085.048257989878,AAPL
13139.314980334542,AAPL
13080.545426230356,AAPL
13391.967497044861,AAPL
13133.892445775258,AAPL
13041.336650589737,AAPL
13315.621511032083,AAPL
13597.509938287118,MSFT
13460.084745076922,AAPL
13497.733876497128,AAPL
13509.39873669499,AAPL
13631.176143794568,AAPL
13523.62156315813,AAPL
13748.728088502632,AAPL
13829.357577552286,MSFT
13984.494989797053,AAPL
13979.354408043266,AAPL
13967.58551924066,AAPL
14039.685652019378,AAPL
14121.918954590596,AAPL
14001.342458540897,AAPL
13872.864315867044,MSFT
14089.115885739837,AAPL
14075.767310723888,AAPL
14024.076416834747,MSFT
14083.749776138644,AAPL
14140.348261450634,AAPL
14257.12784641701,AAPL
14266.385075402382,AAPL
14363.69445563073,AAPL
14247.39761168788,AAPL
14409.707337605809,AAPL
14119.381926827156,AAPL
15131.022009715283,AAPL
15408.941258959889,MSFT
15411.699741459159,MSFT
15430.841785003018,MSFT
15617.634109049639,MSFT
15531.307960722892,MSFT
15181.654016917735,AAPL
15007.908456045587,AAPL
15039.91439663376,AAPL
15092.07689594473,AAPL
15378.723666995133,AAPL
15424.643709161239,AAPL
15158.506367222326,AAPL
15584.528744488553,AAPL
15822.036096569444,AAPL
15898.157611222077,AAPL
16225.983183554858,AAPL
16315.855179570828,AAPL
16065.077203315104,MSFT
16283.586985616608,MSFT
15889.18310254807,AAPL
16080.663763728271,AAPL
16333.824923470995,AAPL
16346.758798674262,AAPL
15916.904576579018,AAPL
15574.136791366722,AAPL
15567.593740054226,AAPL
15527.736313836196,AAPL
15585.007221819034,AAPL
15121.287052657497,AAPL
15033.514459526252,AAPL
15050.967456086173,AAPL
15055.25230994596,AAPL
15078.827958693384,AAPL
14900.81027718537,MSFT
14636.309388835652,AAPL
14319.198027254375,MSFT
13837.260014296142,MSFT
13979.603194639347,MSFT
14140.344212628295,AAPL
14361.405910668027,AAPL
14544.311943728473,AAPL
14633.46630736257,AAPL
14870.42758622597,AAPL
14885.797138477357,AAPL
15072.325125900064,AAPL
15146.4589535133,AAPL
15120.59076083555,AAPL
15146.971717121278,AAPL
15124.470582299353,AAPL
14984.42069288713,AAPL
15123.598434922587,AAPL
14988.730401247154,MSFT
14986.429967220789,MSFT
14854.113467160065,MSFT
15055.684971802375,AAPL
14988.869716721381,AAPL
14566.106364016126,AAPL
14425.998494413609,AAPL
14511.511691023756,AAPL
14395.201647463662,AAPL
14386.674293029984,AAPL
14672.98533832649,MSFT
14971.468810203698,MSFT
14963.894044013716,AAPL
15074.738554813644,MSFT
14640.959602547831,AAPL
14658.127559797085,AAPL
14907.165634377616,AAPL
15164.928411937637,MSFT
15031.537256837926,MSFT
14955.72725144825,MSFT
14791.045969974655,MSFT
14877.578466527711,MSFT
14835.156251085507,MSFT
14707.16016316642,MSFT
15028.833654522678,AAPL
14575.841141332012,AAPL
14597.991803826348,AAPL
14511.94314341085,AAPL
14570.098768260768,AAPL
14227.252543548166,AAPL
14474.863273515584,AAPL
14556.373857495475,MSFT
14510.108431508215,AAPL
14401.205179751216,AAPL
14624.1346819152,AAPL
14595.55446654251,MSFT
14489.636741063478,MSFT
14498.277880136793,AAPL
14661.769030500598,AAPL
14739.443807250593,AAPL
14686.062530623738,AAPL
14571.411078341065,MSFT
14544.841239274054,AAPL
14647.414326905382,MSFT
14579.398249546171,MSFT
14748.006466462524,MSFT
14753.060705709982,MSFT
14469.663227089244,AAPL
14598.340621907868,MSFT
14515.795005374297,MSFT
14607.89477580639,MSFT
14902.870590769166,MSFT
15074.172575645252,MSFT
14956.697925796783,MSFT
14761.83356246008,AAPL
14747.071728897621,AAPL
14790.857399989012,AAPL
14979.74418864897,AAPL
14753.411145187352,AAPL
14765.675007302065,MSFT
14823.004550323953,MSFT
14726.57752993801,MSFT
14648.280724942535,MSFT
14720.168073665865,AAPL
14897.55889575219,AAPL
15022.76413125987,AAPL
14832.236862171108,MSFT
14968.927695981953,AAPL
15096.5014779223,AAPL
15089.11209813059,MSFT
15291.679748447805,MSFT
15278.274668305427,AAPL
15250.423930270561,AAPL
15480.722636395438,AAPL
15529.236379803613,AAPL
15433.481261690746,AAPL
15510.08970608455,AAPL
15505.212328562144,AAPL
15671.546897166885,AAPL
15808.197086051301,AAPL
15453.748959601431,AAPL
15546.698641334555,AAPL
15823.677149356023,AAPL
15856.352371921119,AAPL
15989.131757001895,MSFT
16023.918045332206,AAPL
15795.703165151897,AAPL
15570.779042890184,MSFT
15433.15937311601,MSFT
15310.810736870208,MSFT
15264.733948629766,AAPL
15352.336976008577,AAPL
15162.157134431724,AAPL
15177.666620143622,AAPL
14796.650393175374,AAPL
14719.694808873428,MSFT
14651.343546560576,MSFT
15011.725545667035,MSFT
14935.795601100199,MSFT
15033.404607056043,AAPL
14538.567208038101,AAPL
14601.736874382861,AAPL
14576.047003286707,AAPL
14504.118892050672,AAPL
14950.559258346047,AAPL
15370.47452603672,MSFT
15187.71837224015,MSFT
15060.220236317939,AAPL
15047.701512075146,MSFT
14882.562342100846,MSFT
14920.192413669098,MSFT
14938.560595088526,MSFT
14971.816468163146,AAPL
14597.988213256936,AAPL
14600.724041773368,AAPL
14904.883871728316,AAPL
15162.292496795857,AAPL
15445.42258060095,AAPL
15626.297444452226,AAPL
15656.965127790947,MSFT
15666.924927867412,AAPL
15712.680190273966,AAPL
15679.070346407405,AAPL
15762.36357917453,AAPL
15742.773616282,AAPL
15799.434539113441,MSFT
15499.053831929023,MSFT
15780.080643222496,AAPL
15515.696977504658,AAPL
15363.295907229342,AAPL
15335.560590648718,AAPL
15293.553549309083,AAPL
15140.310021618145,MSFT
14618.96634870515,MSFT
14615.498029155153,MSFT
14345.421241327957,AAPL
14162.644886050046,MSFT
14405.826008858956,AAPL
14425.833363385671,AAPL
14323.099434558319,AAPL
14469.365874967078,MSFT
14418.332528777511,MSFT
14684.737481331915,AAPL
14835.556111876575,AAPL
14899.223544857496,MSFT
14688.639193662319,MSFT
14696.926980891209,MSFT
14238.965246355954,MSFT
14096.546726909239,MSFT
14337.801715219779,MSFT
14368.43228668316,AAPL
14014.535735181302,MSFT
12979.0380629905,AAPL
12489.283287817929,AAPL
11854.600573701111,AAPL
13659.920086025139,AAPL
13067.165521792684,AAPL
13584.55107432992,AAPL
13870.561978238069,AAPL
13830.665081599558,AAPL
13310.550219695595,MSFT
13160.05467419849,MSFT
12837.018645451892,MSFT
13099.42491027292,MSFT
13356.655944753666,MSFT
13803.87238618054,MSFT
13952.237078002243,MSFT
13913.715952268522,MSFT
14002.245397005332,MSFT
14031.597277108396,MSFT
15087.524206847558,MSFT
15422.846896128302,MSFT
14922.244440649021,AAPL
14878.81033473109,AAPL
14694.539693340996,AAPL
14772.692523842587,AAPL
14776.799723852004,MSFT
15116.681097206305,MSFT
15097.5278921389,MSFT
15210.163237430153,MSFT
15229.270431922901,MSFT
15252.353893788626,MSFT
15391.54866552685,MSFT
15352.678721830292,MSFT
15149.677761150197,MSFT
15211.184679866727,MSFT
14735.923225071707,AAPL
15093.980399702941,AAPL
14969.7816252506,MSFT
14998.017469668803,MSFT
15050.528005800708,AAPL
15088.114636938655,MSFT
15105.685792304183,MSFT
15119.945318727108,MSFT
15229.012835708141,MSFT
15301.70524129237,MSFT
15101.061147788721,AAPL
15027.505524825941,MSFT
15066.725381965014,MSFT
15083.492633004545,AAPL
14860.178595387606,AAPL
14976.09997781933,MSFT
14751.297666941455,AAPL
14804.432901846421,MSFT
14702.080120471273,MSFT
14952.22516498805,MSFT
15063.71957355531,MSFT
15115.045504178992,MSFT
15258.981166610653,MSFT
15197.404018494044,MSFT
15491.324193724948,AAPL
15308.89988419519,MSFT
15263.723929449967,MSFT
15489.340816954194,MSFT
15439.074176106371,MSFT
15389.51299039741,MSFT
15456.929670135914,AAPL
15534.445817597907,AAPL
15575.908738427705,MSFT
15372.973110594476,AAPL
15393.708620475254,AAPL
15455.611912899161,AAPL
15429.859014491436,AAPL
15499.652597053873,AAPL
15579.566138018798,AAPL
15704.76718880868,AAPL
15707.710757921384,MSFT
15847.569827381347,MSFT
15919.509925816688,MSFT
15866.09172213935,MSFT
15852.392974249604,MSFT
15669.965809079486,AAPL
15543.35860633503,AAPL
15139.175405509654,AAPL
15196.597330559125,AAPL
14957.553348210162,MSFT
15704.03691219317,AAPL
15565.677568073432,MSFT
16209.441505285848,AAPL
16058.086948902554,AAPL
16271.926246157447,MSFT
15989.39528682857,MSFT
16031.76274257712,MSFT
15933.773913663657,AAPL
15869.67979488037,AAPL
15831.128275587267,AAPL
15502.875780354982,AAPL
15411.234360500091,AAPL
15591.803684971876,AAPL
15535.138123275885,AAPL
15666.638383677764,AAPL
15731.590699204397,AAPL
15805.889043507535,MSFT
15761.537390150077,AAPL
15581.4664060356,AAPL
15572.980177748506,MSFT
15638.145921016368,MSFT
15223.218945574838,MSFT
15093.0390707345,AAPL
14853.974201882003,AAPL
14359.938690038345,AAPL
14550.729781889511,AAPL
14791.733397824766,AAPL
14943.140178637055,AAPL
15019.737024064916,AAPL
15033.632586358937,MSFT
14948.774091023986,AAPL
15212.542541493189,MSFT
15095.11753399411,MSFT
14926.856280571346,MSFT
14938.895903360804,MSFT
14832.593136119025,MSFT
14947.35516712878,MSFT
15024.172758565253,MSFT
15106.956643074891,MSFT
15140.499077428862,AAPL
15224.93216505477,AAPL
15257.233591548955,MSFT
15572.868494108327,MSFT
15544.55648711481,AAPL
15624.770879521353,AAPL
15365.745671998253,AAPL
15013.885356971476,MSFT
15089.666175891962,MSFT
15060.487490589643,MSFT
15041.320548800004,MSFT
14972.961260753777,MSFT
15015.644486814203,MSFT
15094.47778246418,MSFT
15104.795373554318,MSFT
15173.726477372938,MSFT
15159.13562939009,MSFT
15333.190988542452,AAPL
15667.31837992725,AAPL
15962.626969647923,MSFT
15931.351199000523,MSFT
16015.838755687342,AAPL
15939.041259460548,AAPL
15845.28442118241,AAPL
15887.74383483719,AAPL
15877.74024021233,AAPL
15840.114347538267,AAPL
15815.351922797065,MSFT
16091.764724993083,MSFT
16423.27415948485,AAPL
16300.644135258368,AAPL
16253.348662336504,AAPL
16459.601620260735,MSFT
16144.051574648476,AAPL
16126.700973765688,AAPL
16178.11026659269,AAPL
16022.777421599321,AAPL
16322.094352034037,AAPL
16370.76763469825,MSFT
16416.694291467174,AAPL
16434.65483011818,AAPL
16495.198568897675,AAPL
16302.01993522682,MSFT
16463.652146354983,AAPL
16329.832923529455,AAPL
16419.80903751679,MSFT
16291.0762521278,AAPL
16222.777143009253,AAPL
16165.104412208808,AAPL
16242.251474644638,AAPL
16392.65397958142,MSFT
16208.764375479193,MSFT
16066.890809557724,MSFT
